"Status","Start Time","Stop Time","Duration in ms","Parent Suite","Suite","Sub Suite","Test Class","Test Method","Name","Description"
"passed","Thu Sep 05 12:25:31 CST 2024","Thu Sep 05 12:25:32 CST 2024","1194","Exchange API TEST","PostOnly Test Cases","Positive Test Cases","","","4.BTC-USD sell Limit Post-Only IOC Place successful and Expired",""
"passed","Thu Sep 05 12:25:43 CST 2024","Thu Sep 05 12:25:45 CST 2024","1887","Exchange API TEST","PostOnly Test Cases","Cancel Order Test Cases","","","2.BTC-USD sell Limit Post-Only GTC Cancel order",""
"passed","Thu Sep 05 12:25:26 CST 2024","Thu Sep 05 12:25:27 CST 2024","1144","Exchange API TEST","PostOnly Test Cases","Positive Test Cases","","","1.BTC-USD buy Limit Post-Only GTC Place successful",""
"passed","Thu Sep 05 12:25:36 CST 2024","Thu Sep 05 12:25:37 CST 2024","481","Exchange API TEST","PostOnly Test Cases","Negative Test Cases","","","1.BTC-USD buy Limit Post-Only Place Fail Over LastPrice",""
"passed","Thu Sep 05 12:25:29 CST 2024","Thu Sep 05 12:25:31 CST 2024","1284","Exchange API TEST","PostOnly Test Cases","Positive Test Cases","","","3.BTC-USD buy Limit Post-Only IOC Place successful and Expired",""
"passed","Thu Sep 05 12:25:33 CST 2024","Thu Sep 05 12:25:34 CST 2024","1146","Exchange API TEST","PostOnly Test Cases","Positive Test Cases","","","5.BTC-USD buy Limit Post-Only FOK Place successful and Expired",""
"passed","Thu Sep 05 12:25:35 CST 2024","Thu Sep 05 12:25:36 CST 2024","1189","Exchange API TEST","PostOnly Test Cases","Positive Test Cases","","","6.BTC-USD sell Limit Post-Only FOK Place successful and Expired",""
"passed","Thu Sep 05 12:25:40 CST 2024","Thu Sep 05 12:25:40 CST 2024","593","Exchange API TEST","PostOnly Test Cases","Negative Test Cases","","","4.BTC-USD sell Limit Post-Only GTC Fail Price too high",""
"passed","Thu Sep 05 12:25:28 CST 2024","Thu Sep 05 12:25:29 CST 2024","1116","Exchange API TEST","PostOnly Test Cases","Positive Test Cases","","","2.BTC-USD sell Limit Post-Only GTC Place successful",""
"passed","Thu Sep 05 12:25:41 CST 2024","Thu Sep 05 12:25:42 CST 2024","1621","Exchange API TEST","PostOnly Test Cases","Cancel Order Test Cases","","","1.BTC-USD buy Limit Post-Only GTC Cancel order",""
"passed","Thu Sep 05 12:25:37 CST 2024","Thu Sep 05 12:25:38 CST 2024","585","Exchange API TEST","PostOnly Test Cases","Negative Test Cases","","","2.BTC-USD sell Limit Post-Only Place Fail Under LastPrice",""
"passed","Thu Sep 05 12:25:39 CST 2024","Thu Sep 05 12:25:39 CST 2024","522","Exchange API TEST","PostOnly Test Cases","Negative Test Cases","","","3.BTC-USD buy Limit Post-Only GTC Fail Price too low",""
